,0
0,D0ctor
1,Miletic
2,Usagi
3,Feather
4,Lexus
5,Flappy
6,Rio
7,Zex
8,Sclembi
9,Chewie
10,jason
11,Anctus
12,Bobi
13,Nanard
14,Thasylea
15,Punisher
16,Johnny
17,Lord
18,Exillius
19,Chak
20,Pavlovic
21,Szarik
22,Aris
23,Festus
24,Abramusas
25,Uni_play
26,Louis_Bolgarov
27,Dimi
28,Zero
29,GameKnighted
30,Viperx
31,John
32,Kaczomen
33,Imbalance
34,Bugs_Bunny
35,Joe
36,W.Jarvis
37,YourDoctor
38,Tole
39,Luanmh
40,Cobe
41,Psion
42,Burger
43,Zvuk
44,Gillette
45,Arin
46,fresh_ziomal
47,Aleksa
48,RasaDeDam
49,Rad
50,KostasGamer
51,Spud
52,Heinrich
53,Yotza
54,NearchosCretan
55,Seedorf
56,Kofeina
57,niceguyphil
58,Murdock
59,Bovan
60,Lazar
61,Orbit
62,Bismark
63,Martis
64,Wolfmother
