,0
0,Frenki
1,Usagi
2,Tayra
3,JaneSRBRUS
4,Burger
5,RasaDeDam
6,Spud
7,Soyo
8,Arin
9,Pedrovsky
10,Istan
11,Lipe
12,BOT Stuart
13,Chewie
14,Mora
15,Bovan
16,Rio.
17,Mix.
18,Szopix
19,Doctor
20,Nikic
21,Ske.
22,Sonic
23,Darius
24,Sclembi
25,Archer
26,Barcher
27,A.Fletcher
28,Johnny
29,Djordje
30,Gillette
31,Krnja
32,Yuzo
33,Blackshadow
34,Mile
35,Hardcase28
36,Strale
37,Kaczomen
38,Varoll
39,Desolus.
40,Profa
41,Feather
42,Cobe
43,Vlad
44,Seedorf
45,Sale
46,Viper
47,Tootee
48,Yak.
49,Enzoo
50,ROBA
51,Psion
52,Skywalker
53,Price
54,Mauser
55,Steel
56,KostasGamer
57,Dimi
58,Martis
59,W.Jarvis
60,niceguyphil
61,Murdock
62,GameKnighted
63,Zero
64,Psixyio
65,Orbit
66,Lazar
67,Gemon
68,Duke
69,Aleksa
70,Lauri
71,Poison
72,UniPlay
73,Glenn
74,Mo
75,I. Jones
76,Flappy
77,Joe
